<?xml version="1.0" encoding="UTF-8"?>

<project name="ai-controller-frontend extension" default="test">

	<target name="test" description="Executes all tests">
		<phing target="test" haltonfailure="true" dir="controller/frontend" />
	</target>

	<target name="testperf" description="Executes all performance tests">
		<echo msg="No performance tests available" />
	</target>

	<target name="coverage" description="Generates the code coverage report">
		<phing target="coverage" haltonfailure="true" dir="controller/frontend" />
	</target>

	<target name="check" description="Checks for code quality">
		<phing target="check" haltonfailure="true" dir="controller/frontend" />
	</target>

	<target name="clean" description="Cleans up temporary files">
		<phing target="clean" haltonfailure="true" dir="controller/frontend" />
	</target>

	<target name="i18n" description="Creates all translation files">
		<phing target="i18n" haltonfailure="true" dir="controller/frontend" />
	</target>

	<target name="build" description="Builds package for deployment">
		<exec command="tx pull -a -f" checkreturn="true" logoutput="true" />
		<phing target="build" haltonfailure="true" dir="controller/frontend" />
    </target>

	<target name="release" description="Creates new release" depends="build">
		<exec command="git add ." checkreturn="true" logoutput="true" />
		<exec command="git commit -a" checkreturn="true" logoutput="true" />
		<propertyprompt propertyName="version" promptText="Enter release version" promptCharacter=":" useExistingValue="true"/>
		<exec command="git checkout -b ${version}" checkreturn="true" logoutput="true" />
		<exec command="git tag -a ${version} -m 'Release ${version}'" checkreturn="true" logoutput="true" />
		<exec command="git push origin ${version}" checkreturn="true" logoutput="true" />
		<exec command="git push --tags" checkreturn="true" logoutput="true" />
	</target>

	<target name="all" depends="test,check,build" description="Builds all parts of the package">
	</target>

</project>
